Workbook

Sheet Control Retos IA
A1: ID | B1: Área | C1: Proyecto / Reto IA | D1: Responsable | E1: Fecha Inicio | F1: Fecha Objetivo | G1: Prioridad (1-5) | H1: Impacto (1-5) | I1: Dificultad (1-5) | J1: Horas Estimadas | K1: Horas Realizadas | L1: % Avance | M1: Desviación Horas | N1: Estado | O1: Tiempo Estimado | P1: Tiempo Empleado | Q1: Tiempo Ahorrado | R1: Resultado Final | S1: Observaciones (ventajas) | T1: Puntos de mejora
B2: PROCESAL | C2: Comprobar que los datos de 1.916 matrículas, con número de bastidor y titular que aparecen en una pluralidad de documentos concuerdan con los burofaxes creados por Varona | D2: Margarita | E2: 46154 | F2: 46164 | G2: 5 | H2: 5 | I2: 2 | J2: 25 | K2: 25 | L2: 100 | M2: =K2-J2 -> 0 | N2: Implantado | O2: 160 | P2: 48 | Q2: =IMSUB(O2,P2) -> 112 | R2: Se ha conseguido el objetivo del reto. | S2: Ventajas: mucha rapidez para revisar los posibles fallos que existían en los MASC que estaban en formado Word de forma que las revisiones se pudieron hacer en 3 días de jornada completa. Marcaba exactamente el error, lo que permitía solucionar más rápido el fallo. | T2: Errores en la lectura de los pdfs (direcciones, precios no los leía bien). Solo puede meter directrices al principio, por lo que luego no se puede añadir. Que haya varios filtros a la hora de comprobar para ir más rápido. Hay que explicar muy bien las directrices al principio para que funcione correctamente (unos 20 min/30 para que se entienda bien el fin).
B3: PROCESAL LABORAL | C3: Resumir una causa penal de aproximadamente 25.000 páginas y obtener una explicación/resumen de la misma | D3: Mantvydas | E3: 46161 | F3: 46171 | I3: 2 | J3: 30 | K3: 30 | L3: 100 | N3: Implantado | O3: 120 | P3: 16 | Q3: =IMSUB(O3,P3) -> 104 | R3: Se ha conseguido el objetivo del reto, pero no es totalmente fiable. | S3: Mucha rapidez para comprimir toda la causa. Ha creado un bot de CHATHPT en el cual le puedo hacer preguntas sobre la causa y me indica en qué parte de la causa se encuentra. A modo de ejemplo, dime donde esta el Auto de fecha 12 de febrero de 2025 y te contesta en qué parte está sin obtener el documento . En este sentido es práctico | T3: En cambio no le puedes pedir un resumen fiable de una determinada parte de la causa ( tiene 24 partes) porque se equivoca mucho y sufre alucinaciones. Evitar en la medida de lo posible las alucinaciones. Que cuando le pidas en qué folio de la causa está un determinado documento , te lo indique concretamente o incluso obtenga el documento y te lo pase.
B4: PROCESAL | C4: Posible modificación en los MASC realizados el remitente de los mismos de forma automática y posterior revisión | D4: Margarita | I4: 2 | J4: 30 | M4: =K4-J4 -> -30 | O4: 160 | Q4: =IMSUB(O4,P4) -> 160
B5: PROCESAL | C5: Revisión de la documentación para posterior preparación de demandas de cartel de camiones para, a continuación, revisar los datos incluidos en las demandas | D5: Margarita | I5: 3 | J5: 30 | M5: =K5-J5 -> -30 | O5: 300 | Q5: =IMSUB(O5,P5) -> 300
B6: PROCESAL LABORAL | C6: Cruce de datos de diferentes fuentes de carácter cualitativo y cuantitativo y se trasvasen a la herramienta de valoración a utilizar (plantilla del ministerio de Igualdad) | D6: Ana/Bea | I6: 2 | J6: 20 | M6: =K6-J6 -> -20 | O6: 445 | Q6: =IMSUB(O6,P6) -> 445
B7: TRIBUTARIO | C7: Automatizar el proceso de comprobacion de rentas | D7: Andrea | I7: 3 | J7: 30 | M7: =K7-J7 -> -30 | Q7: =IMSUB(O7,P7) -> 0
C8: Comprobacion de minimos legales en la realizacion de las memorias | D8: Alberto/Mayte | I8: 3 | J8: 40 | M8: =K8-J8 -> -40 | N8: Idea | Q8: =IMSUB(O8,P8) -> 0
C9: Autoamtizacion escaneo y comprobacion contabilidades | D9: Leo | I9: 4 | J9: 40 | M9: =K9-J9 -> -40 | Q9: =IMSUB(O9,P9) -> 0
C10: Revision en la confeccion de nominas | D10: Begoña | I10: 3 | J10: 30 | M10: =K10-J10 -> -30 | N10: Idea | Q10: =IMSUB(O10,P10) -> 0
C11: Confeccion nominas | D11: Nacho | I11: 2 | J11: 20 | K11: 20 | M11: =K11-J11 -> 0 | N11: Pruebas | Q11: =IMSUB(O11,P11) -> 0
M27: =K27-J27 -> 0
M28: =K28-J28 -> 0
M29: =K29-J29 -> 0
M30: =K30-J30 -> 0
M31: =K31-J31 -> 0
M32: =K32-J32 -> 0
M33: =K33-J33 -> 0
M34: =K34-J34 -> 0
M35: =K35-J35 -> 0
M36: =K36-J36 -> 0
M37: =K37-J37 -> 0
M38: =K38-J38 -> 0
... M202: =K202-J202 -> 0

Sheet Catálogos
A1: Estados
A2: Idea
A3: Diseño
A4: Desarrollo
A5: Pruebas
A6: Implantado
A7: Descartado

Sheet Dashboard
A1: Cuadro de Mando IA
D2: Estado | E2: Cantidad
A3: Retos Totales | B3: =COUNTA('Control Retos IA'!C:C)-1 -> 10 | D3: Idea | E3: =COUNTIF('Control Retos IA'!N:N,D3) -> 2
A4: Horas Estimadas | B4: =SUM('Control Retos IA'!J:J) -> 295 | D4: Diseño | E4: =COUNTIF('Control Retos IA'!N:N,D4) -> 0
A5: Horas Realizadas | B5: =SUM('Control Retos IA'!K:K) -> 75 | D5: Desarrollo | E5: =COUNTIF('Control Retos IA'!N:N,D5) -> 0
A6: Avance Medio (%) | B6: =AVERAGE('Control Retos IA'!L:L) -> 100 | D6: Pruebas | E6: =COUNTIF('Control Retos IA'!N:N,D6) -> 1
D7: Implantado | E7: =COUNTIF('Control Retos IA'!N:N,D7) -> 2
D8: Descartado | E8: =COUNTIF('Control Retos IA'!N:N,D8) -> 0
